,cov,sleep
0,1.0,0.03
1,1.0,0.03
2,1.0,0.06
3,1.0,0.04
4,1.0,0.07
5,1.0,0.05
6,0.9998999834060669,0.07
7,1.0,0.04
8,1.0,0.04
9,1.0,0.07
10,1.0,0.03
11,1.0,0.07
12,0.9990997910499573,0.06
13,1.0,0.06
14,1.0,0.04
15,1.0,0.02
16,0.9998999834060669,0.03
17,1.0,0.04
18,1.0,0.07
19,1.0,0.07
20,1.0,0.07
21,1.0,0.06
22,1.0,0.06
23,1.0,0.06
24,1.0,0.07
25,1.0,0.05
26,1.0,0.06
27,0.9998999834060669,0.05
28,1.0,0.07
29,1.0,0.05
30,1.0,0.05
31,1.0,0.05
32,1.0,0.05
33,1.0,0.05
34,1.0,0.04
35,1.0,0.06
36,1.0,0.1
37,1.0,0.05
38,1.0,0.06
39,1.0,0.04
40,1.0,0.02
41,0.9976995587348938,0.08
42,1.0,0.06
43,1.0,0.05
44,1.0,0.03
45,1.0,0.05
46,1.0,0.08
47,1.0,0.08
48,1.0,0.04
49,0.9998999834060669,0.08
50,1.0,0.01
51,1.0,0.03
52,1.0,0.05
53,1.0,0.07
54,1.0,0.07
55,1.0,0.03
56,1.0,0.06
57,1.0,0.04
58,1.0,0.05
59,1.0,0.05
60,0.9998999834060669,0.08
61,1.0,0.06
62,1.0,0.03
63,1.0,0.07
64,1.0,0.1
65,0.9998999834060669,0.05
66,1.0,0.05
67,1.0,0.05
68,1.0,0.06
69,1.0,0.05
70,1.0,0.07
71,1.0,0.05
72,1.0,0.04
73,1.0,0.04
74,0.9998999834060669,0.07
75,1.0,0.08
76,0.9990997910499573,0.06
77,1.0,0.03
78,1.0,0.03
79,0.9998999834060669,0.06
80,1.0,0.06
81,1.0,0.07
82,1.0,0.06
83,1.0,0.08
84,0.9998999834060669,0.06
85,1.0,0.05
86,1.0,0.05
87,0.9998999834060669,0.06
88,1.0,0.04
89,1.0,0.04
90,1.0,0.05
91,0.9977995753288269,0.07
92,1.0,0.05
93,0.9977995753288269,0.07
94,1.0,0.03
95,1.0,0.06
96,0.9998999834060669,0.05
97,0.9996999502182007,0.04
98,1.0,0.06
99,1.0,0.09
100,0.9990997910499573,0.06
101,0.9996999502182007,0.06
102,1.0,0.05
103,1.0,0.06
104,1.0,0.05
105,1.0,0.06
106,0.9990997910499573,0.08
107,1.0,0.04
108,1.0,0.05
109,1.0,0.05
110,1.0,0.06
111,1.0,0.05
112,1.0,0.05
113,1.0,0.02
114,1.0,0.05
115,1.0,0.08
116,1.0,0.07
117,1.0,0.07
118,1.0,0.03
119,1.0,0.04
120,1.0,0.04
121,1.0,0.04
122,1.0,0.03
123,1.0,0.05
124,1.0,0.07
125,1.0,0.04
126,1.0,0.04
127,1.0,0.04
128,1.0,0.09
129,1.0,0.09
130,1.0,0.03
131,1.0,0.02
132,1.0,0.05
133,1.0,0.03
134,1.0,0.06
135,1.0,0.05
136,1.0,0.06
137,1.0,0.05
138,1.0,0.06
139,1.0,0.07
140,1.0,0.04
141,0.9998999834060669,0.07
142,1.0,0.06
143,0.9998999834060669,0.07
144,1.0,0.02
145,1.0,0.04
146,1.0,0.04
147,1.0,0.05
148,1.0,0.04
149,1.0,0.05
150,1.0,0.06
151,1.0,0.04
152,1.0,0.04
153,0.9989997744560242,0.03
154,1.0,0.05
155,1.0,0.04
156,1.0,0.05
157,1.0,0.06
158,1.0,0.07
159,1.0,0.04
160,1.0,0.03
161,1.0,0.06
162,1.0,0.04
163,1.0,0.07
164,1.0,0.03
165,1.0,0.04
166,1.0,0.07
167,1.0,0.07
168,1.0,0.07
169,0.9998999834060669,0.06
170,0.9968993663787842,0.07
171,1.0,0.06
172,0.9998999834060669,0.04
173,1.0,0.08
174,1.0,0.04
175,1.0,0.04
176,1.0,0.09
177,1.0,0.04
178,1.0,0.05
179,0.9998999834060669,0.06
180,0.9998999834060669,0.03
181,1.0,0.06
182,1.0,0.05
183,1.0,0.04
184,0.9998999834060669,0.06
185,1.0,0.05
186,1.0,0.04
187,1.0,0.04
188,1.0,0.06
189,1.0,0.03
190,1.0,0.03
191,1.0,0.03
192,1.0,0.06
193,1.0,0.05
194,1.0,0.03
195,0.9998999834060669,0.1
196,1.0,0.08
197,0.9976995587348938,0.09
198,1.0,0.08
199,1.0,0.04
200,1.0,0.05
201,0.9998999834060669,0.06
202,0.9998999834060669,0.05
203,1.0,0.09
204,1.0,0.06
205,1.0,0.03
206,1.0,0.08
207,1.0,0.06
208,1.0,0.08
209,1.0,0.04
210,1.0,0.04
211,1.0,0.06
212,1.0,0.04
213,0.9998999834060669,0.06
214,1.0,0.03
215,1.0,0.04
216,1.0,0.09
217,1.0,0.05
218,1.0,0.03
219,1.0,0.05
220,1.0,0.08
221,1.0,0.06
222,1.0,0.07
223,1.0,0.03
224,1.0,0.06
225,1.0,0.05
226,1.0,0.08
227,1.0,0.06
228,1.0,0.08
229,1.0,0.05
230,1.0,0.07
231,1.0,0.04
232,0.9998999834060669,0.09
233,1.0,0.05
234,1.0,0.09
235,1.0,0.04
236,1.0,0.07
237,1.0,0.05
238,1.0,0.08
239,1.0,0.08
240,1.0,0.09
241,0.9997999668121338,0.08
242,1.0,0.04
243,1.0,0.07
244,0.9990997910499573,0.03
245,1.0,0.05
246,1.0,0.05
247,1.0,0.04
248,1.0,0.06
249,1.0,0.04
250,1.0,0.05
251,1.0,0.06
252,1.0,0.03
253,1.0,0.06
254,0.9998999834060669,0.05
255,1.0,0.07
256,1.0,0.07
257,0.9998999834060669,0.05
258,1.0,0.01
259,1.0,0.04
260,1.0,0.05
261,1.0,0.06
262,1.0,0.06
263,1.0,0.06
264,1.0,0.04
265,1.0,0.02
266,1.0,0.06
267,1.0,0.06
268,1.0,0.04
269,1.0,0.05
270,1.0,0.07
271,0.996699333190918,0.06
272,1.0,0.04
273,0.9996999502182007,0.06
274,0.9996999502182007,0.06
275,1.0,0.05
276,1.0,0.06
277,1.0,0.05
278,1.0,0.06
279,1.0,0.06
280,1.0,0.05
281,1.0,0.04
282,1.0,0.03
283,1.0,0.06
284,1.0,0.07
285,1.0,0.07
286,1.0,0.03
287,1.0,0.07
288,1.0,0.04
289,1.0,0.04
290,1.0,0.07
291,1.0,0.04
292,1.0,0.06
293,1.0,0.05
294,1.0,0.05
295,0.9996999502182007,0.08
296,1.0,0.05
297,1.0,0.05
298,1.0,0.04
299,1.0,0.07
300,1.0,0.07
301,1.0,0.06
302,1.0,0.04
303,1.0,0.06
304,0.9998999834060669,0.08
305,1.0,0.07
306,1.0,0.07
307,1.0,0.07
308,1.0,0.06
309,1.0,0.06
310,1.0,0.06
311,1.0,0.06
312,0.9990997910499573,0.05
313,1.0,0.04
314,1.0,0.07
315,1.0,0.06
316,1.0,0.04
317,1.0,0.05
318,1.0,0.03
319,1.0,0.04
320,1.0,0.03
321,1.0,0.06
322,1.0,0.06
323,1.0,0.05
324,0.9998999834060669,0.04
325,1.0,0.05
326,0.9996999502182007,0.03
327,1.0,0.03
328,1.0,0.05
329,0.9998999834060669,0.04
330,1.0,0.05
331,1.0,0.04
332,1.0,0.09
333,1.0,0.05
334,1.0,0.04
335,1.0,0.03
336,1.0,0.04
337,1.0,0.05
338,0.9977995753288269,0.06
339,1.0,0.03
340,1.0,0.1
341,1.0,0.06
342,0.9998999834060669,0.09
343,1.0,0.05
344,1.0,0.07
345,1.0,0.05
346,1.0,0.06
347,1.0,0.09
348,1.0,0.05
349,1.0,0.04
350,1.0,0.05
351,1.0,0.03
352,1.0,0.03
353,1.0,0.05
354,0.9977995753288269,0.07
355,1.0,0.08
356,1.0,0.04
357,1.0,0.05
358,1.0,0.05
359,1.0,0.06
360,1.0,0.06
361,1.0,0.05
362,1.0,0.04
363,0.9998999834060669,0.04
364,0.9996999502182007,0.06
365,1.0,0.04
366,0.9998999834060669,0.05
367,0.9990997910499573,0.06
368,1.0,0.06
369,1.0,0.04
370,1.0,0.03
371,1.0,0.07
372,1.0,0.05
373,1.0,0.05
374,1.0,0.05
375,1.0,0.06
376,1.0,0.05
377,1.0,0.04
378,1.0,0.05
379,0.9998999834060669,0.05
380,1.0,0.07
381,0.9996999502182007,0.05
382,1.0,0.03
383,1.0,0.07
384,1.0,0.05
385,1.0,0.05
386,0.9998999834060669,0.03
387,1.0,0.05
388,1.0,0.05
389,1.0,0.05
390,1.0,0.07
391,1.0,0.03
392,1.0,0.03
393,1.0,0.04
394,0.9998999834060669,0.03
395,1.0,0.03
396,1.0,0.06
397,0.9996999502182007,0.04
398,1.0,0.05
399,1.0,0.06
400,1.0,0.05
401,1.0,0.07
402,1.0,0.06
403,1.0,0.04
404,1.0,0.08
405,1.0,0.03
406,1.0,0.06
407,1.0,0.04
408,1.0,0.06
409,1.0,0.04
410,1.0,0.04
411,1.0,0.05
412,0.9998999834060669,0.06
413,1.0,0.05
414,1.0,0.07
415,1.0,0.09
416,1.0,0.04
417,1.0,0.05
418,1.0,0.05
419,1.0,0.05
420,1.0,0.04
421,1.0,0.04
422,1.0,0.06
423,1.0,0.04
424,1.0,0.04
425,1.0,0.08
426,0.9998999834060669,0.08
427,1.0,0.04
428,1.0,0.04
429,1.0,0.02
430,1.0,0.06
431,1.0,0.05
432,1.0,0.04
433,1.0,0.03
434,0.9998999834060669,0.07
435,1.0,0.04
436,1.0,0.06
437,1.0,0.05
438,1.0,0.05
439,1.0,0.04
440,1.0,0.03
441,1.0,0.07
442,1.0,0.04
443,1.0,0.05
444,1.0,0.03
445,1.0,0.06
446,1.0,0.08
447,1.0,0.07
448,0.9998999834060669,0.06
449,0.9998999834060669,0.05
450,1.0,0.06
451,1.0,0.08
452,1.0,0.04
453,0.9998999834060669,0.05
454,0.9996999502182007,0.07
455,1.0,0.08
456,1.0,0.07
457,1.0,0.05
458,1.0,0.06
459,1.0,0.05
460,0.9993999004364014,0.07
461,1.0,0.06
462,1.0,0.05
463,1.0,0.08
464,0.9996999502182007,0.08
465,1.0,0.03
466,1.0,0.09
467,1.0,0.05
468,1.0,0.08
469,1.0,0.05
470,1.0,0.07
471,1.0,0.06
472,1.0,0.1
473,1.0,0.05
474,1.0,0.06
475,1.0,0.02
476,1.0,0.05
477,0.9976995587348938,0.07
478,1.0,0.07
479,1.0,0.05
480,1.0,0.05
481,1.0,0.03
482,0.9998999834060669,0.07
483,1.0,0.04
484,0.9996999502182007,0.06
485,1.0,0.06
486,1.0,0.04
487,1.0,0.07
488,0.998799741268158,0.06
489,1.0,0.06
490,1.0,0.06
491,1.0,0.06
492,1.0,0.03
493,1.0,0.06
494,1.0,0.05
495,1.0,0.04
496,1.0,0.03
497,1.0,0.04
498,1.0,0.03
499,1.0,0.02
500,1.0,0.05
501,0.9998999834060669,0.07
502,1.0,0.05
503,1.0,0.07
504,1.0,0.06
505,1.0,0.05
506,1.0,0.06
507,1.0,0.03
508,1.0,0.05
509,1.0,0.06
510,1.0,0.07
511,0.9998999834060669,0.06
512,1.0,0.07
513,1.0,0.05
514,1.0,0.07
515,0.9977995753288269,0.06
516,1.0,0.05
517,0.9998999834060669,0.08
518,1.0,0.09
519,0.9998999834060669,0.04
520,1.0,0.03
521,1.0,0.08
522,1.0,0.06
523,0.9998999834060669,0.04
524,1.0,0.04
525,1.0,0.08
526,1.0,0.05
527,1.0,0.04
528,1.0,0.06
529,1.0,0.08
530,1.0,0.05
531,0.9998999834060669,0.05
532,0.9972994327545166,0.03
533,1.0,0.04
534,1.0,0.05
535,1.0,0.05
536,1.0,0.07
537,1.0,0.04
538,1.0,0.04
539,1.0,0.07
540,1.0,0.08
541,1.0,0.06
542,0.9990997910499573,0.06
543,1.0,0.03
544,1.0,0.07
545,1.0,0.05
546,1.0,0.07
547,1.0,0.06
548,0.9990997910499573,0.07
549,1.0,0.02
550,1.0,0.06
551,1.0,0.04
552,1.0,0.06
553,1.0,0.05
554,1.0,0.02
555,0.9998999834060669,0.04
556,1.0,0.04
557,1.0,0.03
558,1.0,0.02
559,1.0,0.04
560,1.0,0.05
561,1.0,0.05
562,1.0,0.05
563,0.9998999834060669,0.02
564,0.9998999834060669,0.06
565,1.0,0.02
566,1.0,0.06
567,1.0,0.07
568,0.9998999834060669,0.05
569,1.0,0.07
570,1.0,0.04
571,1.0,0.06
572,1.0,0.07
573,0.9996999502182007,0.06
574,0.9977995753288269,0.03
575,0.9997999668121338,0.09
576,1.0,0.07
577,0.9995999336242676,0.08
578,1.0,0.04
579,1.0,0.09
580,1.0,0.06
581,1.0,0.04
582,1.0,0.05
583,1.0,0.05
584,1.0,0.04
585,1.0,0.05
586,1.0,0.06
587,1.0,0.04
588,1.0,0.03
589,0.9990997910499573,0.04
590,1.0,0.06
591,1.0,0.08
592,1.0,0.06
593,1.0,0.05
594,1.0,0.06
595,1.0,0.08
596,1.0,0.03
597,1.0,0.05
598,1.0,0.06
599,1.0,0.08
600,1.0,0.07
601,1.0,0.04
602,1.0,0.06
603,1.0,0.07
604,0.9998999834060669,0.09
605,1.0,0.08
606,1.0,0.06
607,0.9998999834060669,0.06
608,1.0,0.04
609,1.0,0.06
610,1.0,0.04
611,1.0,0.04
612,1.0,0.06
613,1.0,0.06
614,1.0,0.03
615,1.0,0.04
616,1.0,0.09
617,1.0,0.08
618,1.0,0.07
619,1.0,0.06
620,1.0,0.04
621,1.0,0.04
622,1.0,0.04
623,1.0,0.03
624,1.0,0.06
625,1.0,0.06
626,1.0,0.03
627,1.0,0.06
628,1.0,0.05
629,1.0,0.06
630,1.0,0.07
631,1.0,0.03
632,1.0,0.05
633,1.0,0.06
634,1.0,0.04
635,0.9998999834060669,0.07
636,1.0,0.06
637,1.0,0.05
638,1.0,0.04
639,0.9998999834060669,0.05
640,1.0,0.07
641,1.0,0.05
642,1.0,0.05
643,1.0,0.06
644,1.0,0.03
645,1.0,0.04
646,1.0,0.02
647,1.0,0.04
648,1.0,0.06
649,1.0,0.05
650,1.0,0.04
651,1.0,0.03
652,0.9998999834060669,0.04
653,1.0,0.06
654,1.0,0.05
655,1.0,0.06
656,1.0,0.07
657,1.0,0.03
658,1.0,0.06
659,1.0,0.05
660,0.9998999834060669,0.08
661,1.0,0.05
662,1.0,0.05
663,1.0,0.06
664,1.0,0.09
665,1.0,0.05
666,1.0,0.05
667,1.0,0.01
668,1.0,0.01
669,1.0,0.07
670,1.0,0.07
671,1.0,0.05
672,1.0,0.04
673,1.0,0.07
674,0.9996999502182007,0.06
675,1.0,0.07
676,0.9990997910499573,0.06
677,0.9977995753288269,0.08
678,0.9996999502182007,0.06
679,0.9998999834060669,0.04
680,1.0,0.07
681,0.9998999834060669,0.05
682,0.9998999834060669,0.07
683,1.0,0.05
684,1.0,0.06
685,1.0,0.06
686,1.0,0.07
687,1.0,0.03
688,1.0,0.07
689,1.0,0.08
690,1.0,0.05
691,1.0,0.08
692,1.0,0.05
693,0.9989997744560242,0.05
694,1.0,0.06
695,1.0,0.01
696,1.0,0.07
697,1.0,0.05
698,1.0,0.04
699,1.0,0.05
700,1.0,0.05
701,1.0,0.03
702,1.0,0.07
703,1.0,0.07
704,1.0,0.03
705,1.0,0.05
706,1.0,0.03
707,1.0,0.05
708,1.0,0.05
709,1.0,0.07
710,1.0,0.04
711,1.0,0.06
712,1.0,0.08
713,1.0,0.07
714,1.0,0.06
715,1.0,0.06
716,1.0,0.06
717,1.0,0.05
718,1.0,0.04
719,1.0,0.07
720,1.0,0.08
721,0.9998999834060669,0.08
722,0.9990997910499573,0.04
723,0.9998999834060669,0.06
724,0.9998999834060669,0.03
725,0.9989997744560242,0.05
726,1.0,0.08
727,1.0,0.05
728,1.0,0.08
729,1.0,0.07
730,1.0,0.09
731,1.0,0.03
732,0.9990997910499573,0.06
733,1.0,0.04
734,0.9998999834060669,0.04
735,1.0,0.06
736,0.9977995753288269,0.06
737,1.0,0.04
738,0.9998999834060669,0.08
739,1.0,0.02
740,1.0,0.04
741,0.9998999834060669,0.08
742,1.0,0.05
743,1.0,0.04
744,0.9998999834060669,0.06
745,0.9998999834060669,0.07
746,1.0,0.03
747,0.9996999502182007,0.05
748,0.9998999834060669,0.06
749,1.0,0.08
750,1.0,0.04
751,1.0,0.05
752,0.9996999502182007,0.05
753,1.0,0.04
754,1.0,0.05
755,1.0,0.08
756,1.0,0.06
757,1.0,0.07
758,1.0,0.07
759,1.0,0.06
760,1.0,0.02
761,1.0,0.06
762,1.0,0.05
763,1.0,0.05
764,1.0,0.07
765,1.0,0.07
766,1.0,0.05
767,1.0,0.04
768,1.0,0.04
769,1.0,0.06
770,0.9998999834060669,0.09
771,1.0,0.05
772,1.0,0.09
773,0.9998999834060669,0.05
774,1.0,0.04
775,1.0,0.01
776,1.0,0.05
777,1.0,0.03
778,1.0,0.05
779,0.9998999834060669,0.08
780,1.0,0.04
781,0.9998999834060669,0.04
782,1.0,0.08
783,1.0,0.08
784,0.9998999834060669,0.09
785,1.0,0.02
786,1.0,0.09
787,1.0,0.05
788,1.0,0.04
789,1.0,0.03
790,1.0,0.06
791,1.0,0.05
792,1.0,0.03
793,1.0,0.06
794,1.0,0.09
795,1.0,0.07
796,1.0,0.05
797,1.0,0.05
798,1.0,0.05
799,1.0,0.02
800,1.0,0.07
801,0.9990997910499573,0.03
802,1.0,0.08
803,1.0,0.08
804,1.0,0.06
805,1.0,0.08
806,1.0,0.05
807,1.0,0.04
808,1.0,0.07
809,1.0,0.04
810,1.0,0.06
811,1.0,0.06
812,1.0,0.03
813,1.0,0.1
814,1.0,0.05
815,1.0,0.04
816,1.0,0.04
817,0.9996999502182007,0.04
818,1.0,0.04
819,1.0,0.07
820,1.0,0.08
821,1.0,0.02
822,1.0,0.08
823,1.0,0.04
824,1.0,0.06
825,1.0,0.07
826,1.0,0.05
827,1.0,0.07
828,1.0,0.06
829,1.0,0.07
830,1.0,0.06
831,1.0,0.07
832,1.0,0.07
833,1.0,0.07
834,1.0,0.02
835,0.9977995753288269,0.02
836,1.0,0.06
837,1.0,0.06
838,0.9998999834060669,0.06
839,0.9996999502182007,0.04
840,1.0,0.05
841,1.0,0.02
842,0.9998999834060669,0.05
843,0.9977995753288269,0.07
844,1.0,0.04
845,1.0,0.07
846,1.0,0.07
847,0.9977995753288269,0.04
848,1.0,0.05
849,1.0,0.06
850,1.0,0.05
851,0.9990997910499573,0.05
852,1.0,0.04
853,1.0,0.06
854,1.0,0.06
855,0.9998999834060669,0.06
856,1.0,0.03
857,1.0,0.09
858,0.9998999834060669,0.07
859,1.0,0.07
860,1.0,0.05
861,1.0,0.06
862,0.9998999834060669,0.02
863,1.0,0.07
864,1.0,0.06
865,1.0,0.08
866,1.0,0.04
867,1.0,0.06
868,0.9998999834060669,0.05
869,1.0,0.07
870,1.0,0.05
871,1.0,0.06
872,1.0,0.06
873,1.0,0.06
874,1.0,0.03
875,1.0,0.06
876,1.0,0.07
877,1.0,0.05
878,0.9977995753288269,0.05
879,1.0,0.05
880,1.0,0.03
881,1.0,0.08
882,1.0,0.04
883,1.0,0.03
884,0.9998999834060669,0.04
885,1.0,0.05
886,0.9995999336242676,0.06
887,1.0,0.05
888,1.0,0.04
889,1.0,0.1
890,1.0,0.05
891,1.0,0.05
892,1.0,0.04
893,1.0,0.07
894,1.0,0.07
895,1.0,0.03
896,0.9998999834060669,0.07
897,1.0,0.06
898,1.0,0.05
899,1.0,0.06
900,1.0,0.05
901,1.0,0.05
902,1.0,0.01
903,1.0,0.04
904,0.9996999502182007,0.04
905,0.9998999834060669,0.06
906,0.9990997910499573,0.05
907,1.0,0.05
908,1.0,0.07
909,1.0,0.07
910,1.0,0.06
911,0.9998999834060669,0.08
912,0.9998999834060669,0.06
913,0.9998999834060669,0.07
914,1.0,0.05
915,0.9976995587348938,0.08
916,1.0,0.06
917,0.9998999834060669,0.05
918,1.0,0.03
919,0.9997999668121338,0.07
920,1.0,0.06
921,1.0,0.07
922,1.0,0.03
923,0.9990997910499573,0.04
924,1.0,0.07
925,1.0,0.06
926,1.0,0.08
927,0.9998999834060669,0.07
928,1.0,0.05
929,0.9998999834060669,0.04
930,1.0,0.04
931,1.0,0.04
932,1.0,0.06
933,1.0,0.07
934,1.0,0.06
935,1.0,0.03
936,1.0,0.03
937,1.0,0.06
938,0.9990997910499573,0.08
939,1.0,0.05
940,0.9997999668121338,0.06
941,1.0,0.04
942,1.0,0.06
943,1.0,0.08
944,1.0,0.07
945,1.0,0.06
946,1.0,0.05
947,0.9990997910499573,0.07
948,1.0,0.02
949,1.0,0.06
950,0.9998999834060669,0.07
951,1.0,0.02
952,1.0,0.05
953,1.0,0.03
954,1.0,0.05
955,0.9990997910499573,0.08
956,1.0,0.03
957,0.9990997910499573,0.05
958,0.9994999170303345,0.06
959,1.0,0.07
960,1.0,0.04
961,1.0,0.06
962,0.9998999834060669,0.06
963,1.0,0.06
964,0.9984996914863586,0.04
965,1.0,0.08
966,0.9998999834060669,0.06
967,1.0,0.05
968,1.0,0.07
969,1.0,0.04
970,0.9977995753288269,0.06
971,1.0,0.06
972,0.9990997910499573,0.07
973,1.0,0.06
974,0.9990997910499573,0.07
975,1.0,0.04
976,0.9996999502182007,0.07
977,0.9982996582984924,0.08
978,1.0,0.04
979,1.0,0.05
980,1.0,0.06
981,1.0,0.05
982,0.9989997744560242,0.08
983,1.0,0.08
984,1.0,0.07
985,1.0,0.04
986,1.0,0.06
987,0.9989997744560242,0.06
988,1.0,0.05
989,0.9998999834060669,0.08
990,1.0,0.05
991,1.0,0.05
992,0.9998999834060669,0.08
993,1.0,0.06
994,0.9998999834060669,0.07
995,1.0,0.09
996,1.0,0.06
997,1.0,0.04
998,1.0,0.05
999,0.9989997744560242,0.08
1000,1.0,0.07
1001,0.9996999502182007,0.09
1002,1.0,0.04
1003,1.0,0.03
1004,1.0,0.09
1005,1.0,0.04
1006,1.0,0.06
1007,1.0,0.06
1008,1.0,0.03
1009,1.0,0.02
1010,1.0,0.03
1011,1.0,0.06
1012,1.0,0.1
1013,1.0,0.05
1014,1.0,0.07
1015,1.0,0.06
1016,1.0,0.06
1017,0.9997999668121338,0.07
1018,1.0,0.03
1019,1.0,0.04
1020,1.0,0.1
1021,1.0,0.02
1022,0.9998999834060669,0.05
1023,1.0,0.07
1024,1.0,0.03
1025,1.0,0.07
1026,0.9998999834060669,0.09
1027,1.0,0.06
1028,1.0,0.06
1029,1.0,0.06
1030,1.0,0.05
1031,1.0,0.05
1032,1.0,0.06
1033,1.0,0.03
1034,1.0,0.06
1035,0.9990997910499573,0.04
1036,1.0,0.07
1037,1.0,0.05
1038,1.0,0.06
1039,1.0,0.03
1040,1.0,0.05
1041,1.0,0.06
1042,1.0,0.02
1043,1.0,0.06
1044,0.9996999502182007,0.06
1045,1.0,0.05
1046,1.0,0.06
1047,1.0,0.04
1048,1.0,0.03
1049,1.0,0.05
1050,0.9990997910499573,0.07
1051,1.0,0.04
1052,1.0,0.03
1053,1.0,0.08
1054,1.0,0.09
1055,1.0,0.05
1056,0.9990997910499573,0.04
1057,1.0,0.08
1058,1.0,0.07
1059,1.0,0.07
1060,0.9998999834060669,0.07
1061,0.9996999502182007,0.05
1062,0.9990997910499573,0.06
1063,0.9998999834060669,0.04
1064,1.0,0.05
1065,0.9998999834060669,0.08
1066,1.0,0.03
1067,0.9998999834060669,0.06
1068,1.0,0.05
1069,1.0,0.06
1070,1.0,0.06
1071,1.0,0.04
1072,0.9977995753288269,0.08
1073,1.0,0.04
1074,1.0,0.05
1075,1.0,0.04
1076,1.0,0.04
1077,1.0,0.06
1078,0.9990997910499573,0.08
1079,1.0,0.03
1080,1.0,0.06
1081,1.0,0.07
1082,0.9998999834060669,0.04
1083,1.0,0.04
1084,1.0,0.07
1085,1.0,0.06
1086,1.0,0.05
1087,1.0,0.06
1088,1.0,0.04
1089,0.9996999502182007,0.07
1090,1.0,0.04
1091,0.9977995753288269,0.02
1092,0.9998999834060669,0.07
1093,1.0,0.05
1094,1.0,0.04
1095,1.0,0.07
1096,0.9990997910499573,0.05
1097,0.9998999834060669,0.05
1098,1.0,0.05
1099,1.0,0.02
1100,1.0,0.07
1101,1.0,0.07
1102,1.0,0.04
1103,1.0,0.06
1104,1.0,0.05
1105,1.0,0.03
1106,1.0,0.05
1107,1.0,0.06
1108,1.0,0.07
1109,1.0,0.06
1110,1.0,0.04
1111,1.0,0.05
1112,1.0,0.04
1113,1.0,0.07
1114,1.0,0.03
1115,1.0,0.04
1116,1.0,0.06
1117,1.0,0.06
1118,1.0,0.06
1119,1.0,0.04
1120,1.0,0.04
1121,1.0,0.06
1122,1.0,0.05
1123,1.0,0.06
1124,1.0,0.05
1125,1.0,0.07
1126,1.0,0.05
1127,0.9998999834060669,0.07
1128,1.0,0.06
1129,1.0,0.05
1130,1.0,0.06
1131,1.0,0.09
1132,1.0,0.05
1133,1.0,0.05
1134,1.0,0.06
1135,1.0,0.07
1136,1.0,0.05
1137,1.0,0.03
1138,1.0,0.08
1139,0.9996999502182007,0.06
1140,1.0,0.05
1141,1.0,0.05
1142,0.9977995753288269,0.04
1143,0.9996999502182007,0.06
1144,1.0,0.05
1145,0.9990997910499573,0.05
1146,1.0,0.04
1147,1.0,0.07
1148,1.0,0.08
1149,1.0,0.03
1150,1.0,0.05
1151,1.0,0.04
1152,1.0,0.09
1153,0.9998999834060669,0.08
1154,1.0,0.06
1155,1.0,0.03
1156,1.0,0.05
1157,1.0,0.03
1158,0.9989997744560242,0.09
1159,1.0,0.06
1160,1.0,0.04
1161,1.0,0.08
1162,1.0,0.03
1163,1.0,0.07
1164,1.0,0.07
1165,1.0,0.02
1166,1.0,0.07
1167,1.0,0.09
1168,1.0,0.05
1169,1.0,0.07
1170,1.0,0.06
1171,1.0,0.02
1172,1.0,0.07
1173,1.0,0.03
1174,1.0,0.08
1175,1.0,0.07
1176,0.9990997910499573,0.05
1177,1.0,0.04
1178,1.0,0.04
1179,1.0,0.04
1180,0.9998999834060669,0.06
1181,1.0,0.07
1182,1.0,0.07
1183,1.0,0.07
1184,1.0,0.07
1185,1.0,0.05
1186,0.9996999502182007,0.05
1187,1.0,0.08
1188,0.9998999834060669,0.05
1189,1.0,0.07
1190,0.9996999502182007,0.07
1191,1.0,0.06
1192,1.0,0.05
1193,1.0,0.09
1194,0.9977995753288269,0.08
1195,1.0,0.06
1196,1.0,0.05
1197,0.9998999834060669,0.08
1198,1.0,0.04
1199,1.0,0.04
1200,1.0,0.04
1201,1.0,0.03
1202,0.9990997910499573,0.05
1203,1.0,0.05
1204,1.0,0.03
1205,0.9998999834060669,0.09
1206,1.0,0.02
1207,1.0,0.04
1208,1.0,0.05
1209,1.0,0.07
1210,1.0,0.04
1211,1.0,0.03
1212,1.0,0.08
1213,1.0,0.08
1214,0.9977995753288269,0.08
1215,0.9996999502182007,0.08
1216,1.0,0.06
1217,1.0,0.04
1218,0.9977995753288269,0.05
1219,0.9998999834060669,0.08
1220,1.0,0.06
1221,1.0,0.05
1222,1.0,0.07
1223,0.9998999834060669,0.06
1224,0.9989997744560242,0.07
1225,1.0,0.07
1226,1.0,0.06
1227,1.0,0.04
1228,1.0,0.08
1229,1.0,0.05
1230,0.9998999834060669,0.06
1231,1.0,0.08
1232,0.9998999834060669,0.06
1233,1.0,0.07
1234,1.0,0.06
1235,1.0,0.05
1236,0.9998999834060669,0.05
1237,1.0,0.04
1238,0.9977995753288269,0.05
1239,1.0,0.05
1240,1.0,0.05
1241,1.0,0.04
1242,1.0,0.06
1243,1.0,0.06
1244,1.0,0.05
1245,1.0,0.04
1246,0.9990997910499573,0.05
1247,1.0,0.04
1248,1.0,0.09
1249,1.0,0.05
1250,1.0,0.06
1251,1.0,0.02
1252,1.0,0.09
1253,1.0,0.05
1254,1.0,0.06
1255,1.0,0.05
1256,1.0,0.05
1257,1.0,0.1
1258,1.0,0.04
1259,1.0,0.06
1260,0.9990997910499573,0.05
1261,1.0,0.06
1262,1.0,0.08
1263,1.0,0.07
1264,1.0,0.07
1265,1.0,0.05
1266,1.0,0.04
1267,1.0,0.06
1268,1.0,0.05
1269,1.0,0.05
1270,0.9974995255470276,0.05
1271,1.0,0.08
1272,1.0,0.06
1273,1.0,0.07
1274,1.0,0.04
1275,1.0,0.04
1276,0.9998999834060669,0.07
1277,0.9998999834060669,0.1
1278,1.0,0.08
1279,0.9990997910499573,0.06
1280,1.0,0.05
1281,1.0,0.05
1282,0.9990997910499573,0.07
1283,1.0,0.01
1284,1.0,0.07
1285,1.0,0.03
1286,0.9998999834060669,0.06
1287,1.0,0.1
1288,1.0,0.08
1289,1.0,0.03
1290,1.0,0.01
1291,1.0,0.08
1292,1.0,0.07
1293,1.0,0.1
1294,1.0,0.06
1295,1.0,0.07
1296,1.0,0.06
1297,1.0,0.07
1298,1.0,0.06
1299,1.0,0.06
1300,1.0,0.09
1301,0.9994999170303345,0.07
1302,1.0,0.05
1303,1.0,0.04
1304,1.0,0.04
1305,0.9990997910499573,0.07
1306,1.0,0.04
1307,1.0,0.05
1308,1.0,0.05
1309,1.0,0.07
1310,1.0,0.06
1311,1.0,0.09
1312,0.9998999834060669,0.07
1313,1.0,0.04
1314,1.0,0.08
1315,0.9996999502182007,0.07
1316,1.0,0.02
1317,0.9990997910499573,0.05
1318,1.0,0.06
1319,1.0,0.06
1320,1.0,0.06
1321,1.0,0.05
1322,1.0,0.04
1323,0.9977995753288269,0.08
1324,1.0,0.07
1325,1.0,0.07
1326,0.9998999834060669,0.06
1327,1.0,0.09
1328,0.9961992502212524,0.08
1329,0.9990997910499573,0.07
1330,0.9974995255470276,0.06
1331,1.0,0.08
1332,1.0,0.06
1333,0.9990997910499573,0.08
1334,0.9990997910499573,0.07
1335,1.0,0.03
1336,1.0,0.05
1337,1.0,0.05
1338,1.0,0.05
1339,1.0,0.05
1340,0.9990997910499573,0.04
1341,1.0,0.04
1342,0.9998999834060669,0.04
1343,1.0,0.07
1344,1.0,0.06
1345,1.0,0.06
1346,1.0,0.04
1347,1.0,0.04
1348,1.0,0.04
1349,0.9990997910499573,0.09
1350,1.0,0.05
1351,1.0,0.08
1352,1.0,0.06
1353,1.0,0.05
1354,1.0,0.03
1355,1.0,0.09
1356,1.0,0.08
1357,1.0,0.07
1358,0.9998999834060669,0.06
1359,1.0,0.06
1360,1.0,0.06
1361,0.9990997910499573,0.06
1362,1.0,0.04
1363,1.0,0.07
1364,0.9996999502182007,0.07
1365,0.9990997910499573,0.04
1366,0.9998999834060669,0.07
1367,1.0,0.06
1368,1.0,0.05
1369,1.0,0.06
1370,1.0,0.07
1371,1.0,0.02
1372,0.9998999834060669,0.06
1373,1.0,0.04
1374,1.0,0.09
1375,1.0,0.04
1376,1.0,0.07
1377,1.0,0.07
1378,1.0,0.07
1379,1.0,0.06
1380,0.9996999502182007,0.07
1381,0.9996999502182007,0.06
1382,1.0,0.06
1383,1.0,0.06
1384,1.0,0.06
1385,0.9990997910499573,0.07
1386,1.0,0.08
1387,1.0,0.06
1388,1.0,0.05
1389,1.0,0.07
1390,1.0,0.07
1391,1.0,0.07
1392,1.0,0.03
1393,0.9998999834060669,0.07
1394,1.0,0.09
1395,1.0,0.1
1396,1.0,0.04
1397,0.9967993497848511,0.08
1398,1.0,0.04
1399,0.9996999502182007,0.02
1400,1.0,0.08
1401,1.0,0.05
1402,1.0,0.04
1403,1.0,0.05
1404,1.0,0.09
1405,1.0,0.08
1406,1.0,0.04
1407,1.0,0.07
1408,0.9977995753288269,0.07
1409,1.0,0.05
1410,1.0,0.07
1411,0.9998999834060669,0.09
1412,1.0,0.06
1413,1.0,0.06
1414,0.9989997744560242,0.07
1415,0.9989997744560242,0.05
1416,1.0,0.05
1417,1.0,0.07
1418,0.9996999502182007,0.06
1419,1.0,0.04
1420,0.9990997910499573,0.05
1421,1.0,0.03
1422,0.9998999834060669,0.07
1423,1.0,0.07
1424,1.0,0.07
1425,1.0,0.06
1426,1.0,0.09
1427,1.0,0.05
1428,1.0,0.11
1429,1.0,0.04
1430,1.0,0.04
1431,1.0,0.05
1432,1.0,0.07
1433,1.0,0.03
1434,1.0,0.04
1435,1.0,0.06
1436,1.0,0.06
1437,0.9993999004364014,0.07
1438,0.9998999834060669,0.05
1439,0.9998999834060669,0.05
1440,1.0,0.04
1441,1.0,0.07
1442,1.0,0.06
1443,1.0,0.09
1444,1.0,0.05
1445,1.0,0.04
1446,1.0,0.09
1447,1.0,0.05
1448,1.0,0.05
1449,1.0,0.04
1450,0.9977995753288269,0.08
1451,1.0,0.08
1452,0.9990997910499573,0.09
1453,1.0,0.06
1454,1.0,0.08
1455,0.9976995587348938,0.06
1456,1.0,0.1
1457,1.0,0.02
1458,1.0,0.04
1459,1.0,0.08
1460,0.9977995753288269,0.03
1461,1.0,0.04
1462,1.0,0.08
1463,1.0,0.05
1464,1.0,0.08
1465,1.0,0.08
1466,1.0,0.05
1467,1.0,0.07
1468,0.9996999502182007,0.07
1469,1.0,0.04
1470,1.0,0.05
1471,1.0,0.05
1472,1.0,0.07
1473,1.0,0.05
1474,1.0,0.08
1475,1.0,0.02
1476,1.0,0.07
1477,1.0,0.07
1478,1.0,0.04
1479,1.0,0.07
1480,1.0,0.04
1481,1.0,0.03
1482,1.0,0.07
1483,1.0,0.07
1484,1.0,0.03
1485,1.0,0.07
1486,0.9998999834060669,0.09
1487,1.0,0.08
1488,1.0,0.06
1489,1.0,0.05
1490,0.9990997910499573,0.07
1491,1.0,0.05
1492,1.0,0.05
1493,1.0,0.06
1494,1.0,0.08
1495,1.0,0.06
1496,1.0,0.05
1497,1.0,0.06
1498,1.0,0.05
1499,1.0,0.06
1500,0.9984996914863586,0.07
1501,1.0,0.06
1502,0.998799741268158,0.05
1503,1.0,0.05
1504,1.0,0.07
1505,1.0,0.06
1506,1.0,0.05
1507,1.0,0.08
1508,1.0,0.04
1509,0.9998999834060669,0.06
1510,1.0,0.06
1511,0.9998999834060669,0.06
1512,1.0,0.1
1513,1.0,0.07
1514,1.0,0.05
1515,1.0,0.07
1516,1.0,0.1
1517,1.0,0.08
1518,1.0,0.05
1519,1.0,0.04
1520,1.0,0.07
1521,1.0,0.07
1522,1.0,0.03
1523,1.0,0.07
1524,1.0,0.06
1525,1.0,0.05
1526,0.9998999834060669,0.05
1527,1.0,0.1
1528,0.9977995753288269,0.07
1529,1.0,0.04
1530,0.9989997744560242,0.05
1531,1.0,0.03
1532,1.0,0.07
1533,1.0,0.04
1534,1.0,0.06
1535,1.0,0.06
1536,1.0,0.08
1537,1.0,0.05
1538,1.0,0.07
1539,0.9998999834060669,0.07
1540,1.0,0.08
1541,1.0,0.05
1542,1.0,0.05
1543,1.0,0.09
1544,1.0,0.04
1545,1.0,0.08
1546,1.0,0.06
1547,1.0,0.06
1548,1.0,0.06
1549,1.0,0.04
1550,1.0,0.05
1551,1.0,0.08
1552,0.9998999834060669,0.08
1553,0.9989997744560242,0.05
1554,1.0,0.05
1555,1.0,0.07
1556,1.0,0.06
1557,1.0,0.06
1558,1.0,0.05
1559,1.0,0.05
1560,1.0,0.08
1561,0.9998999834060669,0.09
1562,1.0,0.06
1563,1.0,0.08
1564,1.0,0.05
1565,1.0,0.08
1566,1.0,0.04
1567,1.0,0.04
1568,1.0,0.05
1569,1.0,0.05
1570,1.0,0.08
1571,1.0,0.09
1572,1.0,0.06
1573,0.9998999834060669,0.09
1574,1.0,0.09
1575,1.0,0.05
1576,1.0,0.06
1577,0.9977995753288269,0.07
1578,1.0,0.08
1579,1.0,0.03
1580,1.0,0.1
1581,1.0,0.03
1582,0.9977995753288269,0.04
1583,1.0,0.04
1584,1.0,0.08
1585,1.0,0.06
1586,1.0,0.05
1587,1.0,0.11
1588,0.9967993497848511,0.09
1589,0.9996999502182007,0.08
1590,1.0,0.06
1591,0.9970993995666504,0.07
1592,1.0,0.1
1593,1.0,0.09
1594,1.0,0.04
1595,0.9990997910499573,0.06
1596,1.0,0.05
1597,1.0,0.1
1598,1.0,0.08
1599,1.0,0.05
1600,0.9990997910499573,0.05
1601,1.0,0.07
1602,1.0,0.04
1603,1.0,0.09
1604,1.0,0.08
1605,1.0,0.06
1606,1.0,0.1
1607,1.0,0.06
1608,0.9998999834060669,0.11
1609,1.0,0.04
1610,1.0,0.07
1611,1.0,0.09
1612,1.0,0.04
1613,1.0,0.04
1614,0.9989997744560242,0.09
1615,1.0,0.06
1616,1.0,0.09
1617,1.0,0.06
1618,1.0,0.03
1619,1.0,0.05
1620,1.0,0.08
1621,0.9989997744560242,0.07
1622,0.9998999834060669,0.06
1623,1.0,0.09
1624,0.9998999834060669,0.04
1625,1.0,0.1
1626,1.0,0.05
1627,1.0,0.04
1628,1.0,0.06
1629,0.9990997910499573,0.09
1630,1.0,0.05
1631,0.9998999834060669,0.07
1632,1.0,0.04
1633,1.0,0.06
1634,1.0,0.09
1635,0.9977995753288269,0.07
1636,1.0,0.08
1637,1.0,0.05
1638,1.0,0.09
1639,0.9998999834060669,0.06
1640,1.0,0.05
1641,1.0,0.06
1642,1.0,0.07
1643,0.9998999834060669,0.05
1644,1.0,0.06
1645,1.0,0.05
1646,1.0,0.09
1647,1.0,0.1
1648,1.0,0.05
1649,1.0,0.06
1650,0.9998999834060669,0.08
1651,1.0,0.07
1652,1.0,0.06
1653,1.0,0.06
1654,1.0,0.06
1655,1.0,0.06
1656,1.0,0.07
1657,0.9967993497848511,0.08
1658,1.0,0.09
1659,1.0,0.08
1660,0.9990997910499573,0.08
1661,1.0,0.07
1662,1.0,0.08
1663,1.0,0.05
1664,1.0,0.08
1665,0.9998999834060669,0.06
1666,0.9976995587348938,0.08
1667,1.0,0.06
1668,1.0,0.03
1669,1.0,0.08
1670,0.9989997744560242,0.09
1671,1.0,0.07
1672,0.9990997910499573,0.06
1673,0.9990997910499573,0.08
1674,0.9998999834060669,0.06
1675,1.0,0.1
1676,1.0,0.08
1677,0.9974995255470276,0.05
1678,1.0,0.07
1679,1.0,0.09
1680,0.9970993995666504,0.07
1681,1.0,0.08
1682,0.9998999834060669,0.09
1683,1.0,0.07
1684,1.0,0.07
1685,0.9990997910499573,0.07
1686,1.0,0.1
1687,0.9990997910499573,0.11
1688,0.9998999834060669,0.07
1689,1.0,0.1
1690,1.0,0.07
1691,1.0,0.03
1692,0.998799741268158,0.09
1693,0.9990997910499573,0.07
1694,1.0,0.05
1695,1.0,0.09
1696,1.0,0.09
1697,0.9990997910499573,0.1
1698,0.9988997578620911,0.07
1699,0.9990997910499573,0.1
1700,1.0,0.05
1701,1.0,0.06
1702,1.0,0.03
1703,1.0,0.07
1704,1.0,0.08
1705,1.0,0.05
1706,0.9990997910499573,0.08
1707,1.0,0.05
1708,0.9977995753288269,0.05
1709,1.0,0.07
1710,1.0,0.07
1711,0.9998999834060669,0.06
1712,0.9996999502182007,0.05
1713,0.9990997910499573,0.07
1714,0.9990997910499573,0.05
1715,0.9990997910499573,0.07
1716,1.0,0.05
1717,1.0,0.12
1718,1.0,0.09
1719,0.9968993663787842,0.06
1720,1.0,0.06
1721,1.0,0.08
1722,1.0,0.07
1723,1.0,0.04
1724,0.9998999834060669,0.1
1725,1.0,0.07
1726,0.9990997910499573,0.09
1727,1.0,0.1
1728,1.0,0.06
1729,1.0,0.09
1730,1.0,0.09
1731,1.0,0.07
1732,1.0,0.09
1733,1.0,0.07
1734,0.9977995753288269,0.12
1735,1.0,0.12
1736,1.0,0.05
1737,0.9990997910499573,0.09
1738,1.0,0.08
1739,1.0,0.07
1740,1.0,0.06
1741,1.0,0.05
1742,1.0,0.06
1743,0.9977995753288269,0.07
1744,1.0,0.04
1745,0.9994999170303345,0.06
1746,1.0,0.08
1747,1.0,0.05
1748,1.0,0.07
1749,1.0,0.12
1750,1.0,0.04
1751,0.9990997910499573,0.09
1752,1.0,0.05
1753,0.9977995753288269,0.06
1754,1.0,0.07
1755,1.0,0.08
1756,0.9990997910499573,0.12
1757,1.0,0.08
1758,0.9998999834060669,0.1
1759,1.0,0.06
1760,1.0,0.1
1761,1.0,0.04
1762,1.0,0.05
1763,1.0,0.06
1764,1.0,0.07
1765,1.0,0.04
1766,1.0,0.07
1767,0.9998999834060669,0.1
1768,1.0,0.07
1769,1.0,0.09
1770,1.0,0.05
1771,1.0,0.08
1772,0.9990997910499573,0.09
1773,1.0,0.07
1774,1.0,0.06
1775,1.0,0.09
1776,1.0,0.05
1777,0.9968993663787842,0.08
1778,1.0,0.05
1779,1.0,0.1
1780,1.0,0.07
1781,1.0,0.06
1782,1.0,0.05
1783,1.0,0.07
1784,1.0,0.07
1785,1.0,0.07
1786,1.0,0.09
1787,1.0,0.04
1788,1.0,0.08
1789,1.0,0.08
1790,0.9990997910499573,0.09
1791,0.9998999834060669,0.1
1792,1.0,0.07
1793,1.0,0.07
1794,1.0,0.09
1795,1.0,0.1
1796,1.0,0.08
1797,0.9990997910499573,0.05
1798,0.9977995753288269,0.08
1799,1.0,0.06
1800,1.0,0.11
1801,0.9990997910499573,0.06
1802,1.0,0.09
1803,1.0,0.07
1804,1.0,0.09
1805,1.0,0.07
1806,1.0,0.06
1807,1.0,0.1
1808,0.9996999502182007,0.1
1809,1.0,0.1
1810,1.0,0.09
1811,1.0,0.07
1812,1.0,0.08
1813,0.9990997910499573,0.12
1814,0.9970993995666504,0.09
1815,1.0,0.09
1816,1.0,0.09
1817,1.0,0.09
1818,1.0,0.08
1819,1.0,0.09
1820,0.9990997910499573,0.06
1821,0.9990997910499573,0.07
1822,1.0,0.06
1823,0.9947989583015442,0.08
1824,0.9977995753288269,0.09
1825,1.0,0.08
1826,0.9990997910499573,0.11
1827,1.0,0.1
1828,0.9992998838424683,0.1
1829,0.9990997910499573,0.09
1830,1.0,0.06
1831,1.0,0.09
1832,1.0,0.06
1833,0.9976995587348938,0.05
1834,0.9977995753288269,0.05
1835,1.0,0.05
1836,0.9990997910499573,0.08
1837,1.0,0.07
1838,1.0,0.08
1839,1.0,0.03
1840,1.0,0.08
1841,1.0,0.05
1842,1.0,0.11
1843,0.9983996748924255,0.07
1844,1.0,0.08
1845,1.0,0.11
1846,0.9990997910499573,0.07
1847,1.0,0.07
1848,1.0,0.11
1849,0.9990997910499573,0.06
1850,1.0,0.02
1851,0.9990997910499573,0.1
1852,0.9983996748924255,0.08
1853,0.9977995753288269,0.07
1854,1.0,0.06
1855,1.0,0.09
1856,0.9990997910499573,0.09
1857,1.0,0.06
1858,0.9977995753288269,0.04
1859,0.9967993497848511,0.13
1860,1.0,0.07
1861,0.9990997910499573,0.09
1862,0.9990997910499573,0.1
1863,0.9990997910499573,0.06
1864,1.0,0.08
1865,0.9998999834060669,0.06
1866,1.0,0.07
1867,0.9990997910499573,0.1
1868,0.9977995753288269,0.06
1869,1.0,0.06
1870,1.0,0.08
1871,1.0,0.04
1872,1.0,0.05
1873,1.0,0.05
1874,1.0,0.05
1875,0.9977995753288269,0.11
1876,0.9990997910499573,0.09
1877,1.0,0.06
1878,1.0,0.05
1879,1.0,0.08
1880,1.0,0.06
1881,1.0,0.07
1882,1.0,0.1
1883,1.0,0.09
1884,0.9990997910499573,0.11
1885,0.9990997910499573,0.07
1886,1.0,0.06
1887,1.0,0.1
1888,1.0,0.08
1889,1.0,0.1
1890,1.0,0.07
1891,0.9998999834060669,0.1
1892,1.0,0.11
1893,0.9990997910499573,0.13
1894,1.0,0.07
1895,0.9996999502182007,0.13
1896,0.9998999834060669,0.07
1897,0.9990997910499573,0.07
1898,0.9990997910499573,0.09
1899,0.9989997744560242,0.1
1900,0.9990997910499573,0.1
1901,1.0,0.1
1902,1.0,0.08
1903,0.9968993663787842,0.13
1904,1.0,0.05
1905,0.9977995753288269,0.11
1906,1.0,0.1
1907,1.0,0.1
1908,0.9906981587409973,0.1
1909,1.0,0.06
1910,1.0,0.08
1911,0.9990997910499573,0.08
1912,1.0,0.08
1913,1.0,0.07
1914,0.9990997910499573,0.11
1915,1.0,0.08
1916,1.0,0.08
1917,0.9990997910499573,0.11
1918,0.9990997910499573,0.11
1919,0.9990997910499573,0.11
1920,1.0,0.07
1921,0.9976995587348938,0.06
1922,1.0,0.06
1923,1.0,0.11
1924,1.0,0.08
1925,0.9977995753288269,0.07
1926,0.9977995753288269,0.1
1927,1.0,0.1
1928,1.0,0.07
1929,1.0,0.08
1930,1.0,0.11
1931,1.0,0.08
1932,1.0,0.08
1933,1.0,0.13
1934,1.0,0.08
1935,1.0,0.09
1936,0.9990997910499573,0.1
1937,1.0,0.09
1938,0.9990997910499573,0.13
1939,1.0,0.09
1940,0.9990997910499573,0.08
1941,0.9990997910499573,0.09
1942,0.9977995753288269,0.13
1943,0.9990997910499573,0.07
1944,0.9990997910499573,0.07
1945,0.9990997910499573,0.1
1946,1.0,0.07
1947,1.0,0.11
1948,0.9990997910499573,0.09
1949,1.0,0.06
1950,1.0,0.06
1951,0.9990997910499573,0.13
1952,1.0,0.1
1953,0.9990997910499573,0.1
1954,0.9990997910499573,0.09
1955,1.0,0.07
1956,0.9998999834060669,0.07
1957,0.9990997910499573,0.09
1958,1.0,0.06
1959,1.0,0.07
1960,0.9990997910499573,0.09
1961,0.9990997910499573,0.08
1962,0.9989997744560242,0.08
1963,1.0,0.08
1964,1.0,0.04
1965,0.9968993663787842,0.09
1966,0.9998999834060669,0.12
1967,1.0,0.06
1968,1.0,0.07
1969,1.0,0.11
1970,1.0,0.08
1971,1.0,0.12
1972,1.0,0.08
1973,1.0,0.1
1974,0.9998999834060669,0.09
1975,1.0,0.07
1976,1.0,0.08
1977,1.0,0.07
1978,1.0,0.09
1979,0.9990997910499573,0.09
1980,0.9990997910499573,0.12
1981,0.9968993663787842,0.09
1982,1.0,0.14
1983,0.9990997910499573,0.07
1984,1.0,0.09
1985,0.9989997744560242,0.08
1986,1.0,0.13
1987,0.9975995421409607,0.15
1988,0.9977995753288269,0.11
1989,1.0,0.14
1990,1.0,0.08
1991,1.0,0.12
1992,1.0,0.12
1993,0.9990997910499573,0.05
1994,0.9990997910499573,0.11
1995,0.9998999834060669,0.12
1996,0.9990997910499573,0.06
1997,1.0,0.07
1998,1.0,0.12
1999,1.0,0.12
2000,1.0,0.09
2001,1.0,0.06
2002,1.0,0.12
2003,1.0,0.11
2004,0.9977995753288269,0.13
2005,0.9989997744560242,0.15
2006,0.9990997910499573,0.12
2007,0.9990997910499573,0.14
2008,0.9990997910499573,0.13
2009,0.9940988421440125,0.13
2010,0.9990997910499573,0.06
2011,0.9968993663787842,0.11
2012,0.9990997910499573,0.08
2013,0.9968993663787842,0.13
2014,0.9998999834060669,0.09
2015,0.9990997910499573,0.08
2016,0.9968993663787842,0.13
2017,0.9940988421440125,0.12
2018,1.0,0.08
2019,0.9998999834060669,0.11
2020,0.9990997910499573,0.13
2021,0.9977995753288269,0.12
2022,0.9989997744560242,0.11
2023,0.9977995753288269,0.11
2024,1.0,0.09
2025,1.0,0.13
2026,1.0,0.06
2027,1.0,0.1
2028,0.9990997910499573,0.11
2029,1.0,0.07
2030,0.9990997910499573,0.09
2031,1.0,0.11
2032,1.0,0.1
2033,1.0,0.08
2034,0.9990997910499573,0.11
2035,0.9990997910499573,0.14
2036,1.0,0.14
2037,1.0,0.1
2038,0.9990997910499573,0.07
2039,1.0,0.13
2040,1.0,0.16
2041,1.0,0.12
2042,0.9990997910499573,0.13
2043,1.0,0.12
2044,1.0,0.12
2045,1.0,0.1
2046,1.0,0.08
2047,0.9990997910499573,0.12
2048,0.9990997910499573,0.11
2049,1.0,0.1
2050,1.0,0.09
2051,0.9977995753288269,0.13
2052,0.9990997910499573,0.11
2053,0.9968993663787842,0.14
2054,0.9990997910499573,0.08
2055,0.9998999834060669,0.09
2056,0.9968993663787842,0.15
2057,0.9883976578712463,0.17
2058,1.0,0.13
2059,1.0,0.09
2060,0.9990997910499573,0.1
2061,1.0,0.12
2062,1.0,0.11
2063,1.0,0.1
2064,1.0,0.09
2065,1.0,0.11
2066,1.0,0.11
2067,1.0,0.12
2068,0.9990997910499573,0.11
2069,0.9990997910499573,0.15
2070,1.0,0.12
2071,1.0,0.12
2072,0.9990997910499573,0.09
2073,1.0,0.15
2074,1.0,0.15
2075,1.0,0.1
2076,1.0,0.14
2077,0.9990997910499573,0.1
2078,0.9977995753288269,0.08
2079,0.9990997910499573,0.09
2080,0.9968993663787842,0.11
2081,1.0,0.13
2082,1.0,0.09
2083,1.0,0.16
2084,1.0,0.15
2085,0.9990997910499573,0.12
2086,0.9968993663787842,0.14
2087,0.9990997910499573,0.17
2088,0.9990997910499573,0.12
2089,0.9967993497848511,0.11
2090,0.9989997744560242,0.11
2091,0.9994999170303345,0.1
2092,0.9990997910499573,0.13
2093,1.0,0.1
2094,0.9946989417076111,0.11
2095,1.0,0.11
2096,0.9985997080802917,0.12
2097,1.0,0.12
2098,0.9968993663787842,0.11
2099,0.9985997080802917,0.14
2100,0.9990997910499573,0.14
2101,1.0,0.08
2102,1.0,0.17
2103,0.9990997910499573,0.12
2104,1.0,0.11
2105,0.9963992834091187,0.14
2106,0.9990997910499573,0.14
2107,1.0,0.11
2108,0.9990997910499573,0.16
2109,1.0,0.1
2110,0.9968993663787842,0.16
2111,0.9985997080802917,0.14
2112,0.9968993663787842,0.17
2113,0.9990997910499573,0.11
2114,0.9990997910499573,0.11
2115,0.9990997910499573,0.15
2116,0.9998999834060669,0.17
2117,0.9989997744560242,0.14
2118,0.9990997910499573,0.1
2119,0.9998999834060669,0.13
2120,1.0,0.13
2121,0.9990997910499573,0.18
2122,1.0,0.12
2123,0.9989997744560242,0.15
2124,0.9986997246742249,0.18
2125,1.0,0.1
2126,0.9983996748924255,0.13
2127,0.9990997910499573,0.15
2128,0.9990997910499573,0.13
2129,1.0,0.12
2130,0.9946989417076111,0.15
2131,0.9968993663787842,0.17
2132,1.0,0.12
2133,0.9989997744560242,0.16
2134,0.9990997910499573,0.17
2135,0.998799741268158,0.12
2136,0.9990997910499573,0.18
2137,0.9990997910499573,0.17
2138,0.9990997910499573,0.12
2139,0.9947989583015442,0.17
2140,1.0,0.1
2141,0.9990997910499573,0.19
2142,0.9968993663787842,0.18
2143,0.9989997744560242,0.18
2144,0.9976995587348938,0.16
2145,1.0,0.18
2146,0.9961992502212524,0.12
2147,1.0,0.09
2148,0.9990997910499573,0.15
2149,0.9977995753288269,0.12
2150,0.9968993663787842,0.13
2151,0.9968993663787842,0.18
2152,0.9968993663787842,0.14
2153,0.9990997910499573,0.14
2154,0.9976995587348938,0.17
2155,0.9990997910499573,0.17
2156,0.9985997080802917,0.16
2157,1.0,0.14
2158,0.9990997910499573,0.13
2159,0.9967993497848511,0.17
2160,0.9949989914894104,0.18
2161,0.9968993663787842,0.16
2162,0.9967993497848511,0.14
2163,0.9998999834060669,0.15
2164,0.9990997910499573,0.12
2165,1.0,0.14
2166,0.9996999502182007,0.17
2167,0.9990997910499573,0.13
2168,0.9990997910499573,0.18
2169,1.0,0.17
2170,0.9990997910499573,0.19
2171,0.9968993663787842,0.15
2172,1.0,0.14
2173,1.0,0.1
2174,0.9990997910499573,0.11
2175,0.9968993663787842,0.2
2176,0.9968993663787842,0.16
2177,0.9959992170333862,0.16
2178,0.9997999668121338,0.21
2179,0.9977995753288269,0.14
2180,0.9990997910499573,0.17
2181,0.9985997080802917,0.15
2182,0.9990997910499573,0.17
2183,0.9990997910499573,0.14
2184,0.9990997910499573,0.21
2185,0.9990997910499573,0.16
2186,1.0,0.11
2187,0.9990997910499573,0.16
2188,1.0,0.16
2189,0.995599091053009,0.16
2190,0.9935986995697021,0.2
2191,0.9990997910499573,0.17
2192,0.9989997744560242,0.17
2193,0.9967993497848511,0.2
2194,0.9990997910499573,0.17
2195,0.9968993663787842,0.2
2196,0.9990997910499573,0.16
2197,0.9990997910499573,0.14
2198,0.9982996582984924,0.18
2199,0.9939988255500793,0.16
2200,0.9990997910499573,0.14
2201,0.9898979663848877,0.16
2202,0.9990997910499573,0.14
2203,0.9990997910499573,0.19
2204,0.9990997910499573,0.19
2205,0.9968993663787842,0.18
2206,0.9990997910499573,0.18
2207,0.9990997910499573,0.17
2208,0.9990997910499573,0.16
2209,0.9915983080863953,0.18
2210,0.9990997910499573,0.19
2211,0.9989997744560242,0.17
2212,0.9990997910499573,0.16
2213,1.0,0.18
2214,0.9986997246742249,0.2
2215,0.9975995421409607,0.19
2216,0.9977995753288269,0.21
2217,0.9985997080802917,0.17
2218,0.998799741268158,0.17
2219,0.99579918384552,0.21
2220,0.9968993663787842,0.16
2221,0.9968993663787842,0.2
2222,0.9968993663787842,0.2
2223,0.9989997744560242,0.2
2224,0.9990997910499573,0.15
2225,0.9990997910499573,0.17
2226,0.994598925113678,0.23
2227,0.9990997910499573,0.14
2228,0.9968993663787842,0.16
2229,0.9968993663787842,0.12
2230,0.9983996748924255,0.18
2231,1.0,0.23
2232,0.9990997910499573,0.19
2233,0.9968993663787842,0.22
2234,0.9997999668121338,0.18
2235,0.9968993663787842,0.19
2236,0.9968993663787842,0.1919191919191919
2237,1.0,0.1919191919191919
2238,0.9986997246742249,0.12121212121212122
2239,0.9956991672515869,0.15151515151515152
2240,0.9975995421409607,0.21212121212121213
2241,1.0,0.18181818181818182
2242,0.9990997910499573,0.1717171717171717
2243,0.9947989583015442,0.1414141414141414
2244,0.9977995753288269,0.18181818181818182
2245,0.9990997910499573,0.1717171717171717
2246,1.0,0.15151515151515152
2247,0.9990997910499573,0.20202020202020202
2248,1.0,0.20202020202020202
2249,0.9947989583015442,0.15151515151515152
2250,0.9990997910499573,0.18181818181818182
2251,0.9984996914863586,0.25252525252525254
2252,0.9990997910499573,0.1414141414141414
2253,1.0,0.2222222222222222
2254,0.9989997744560242,0.18181818181818182
2255,0.9990997910499573,0.23232323232323232
2256,0.9946989417076111,0.23232323232323232
2257,0.9990997910499573,0.20202020202020202
2258,0.9968993663787842,0.1717171717171717
2259,0.995599091053009,0.20202020202020202
2260,0.9990997910499573,0.17346938775510204
2261,0.9968993663787842,0.19387755102040816
2262,0.9990997910499573,0.16326530612244897
2263,0.9990997910499573,0.17346938775510204
2264,0.9884976744651794,0.22448979591836735
2265,0.9990997910499573,0.16326530612244897
2266,0.9952990412712097,0.22448979591836735
2267,0.9989997744560242,0.16326530612244897
2268,0.9949989914894104,0.23469387755102042
2269,0.9952990412712097,0.20408163265306123
2270,0.9968993663787842,0.19387755102040816
2271,0.99789959192276,0.25510204081632654
2272,0.9970993995666504,0.19387755102040816
2273,0.9967993497848511,0.24489795918367346
2274,0.9990997910499573,0.19387755102040816
2275,0.9946989417076111,0.19387755102040816
2276,0.9959992170333862,0.21428571428571427
2277,0.99579918384552,0.25773195876288657
2278,0.9975995421409607,0.2268041237113402
2279,1.0,0.1875
2280,0.9956952929496765,0.17708333333333334
2281,0.9998998641967773,0.19791666666666666
2282,0.9956952929496765,0.19791666666666666
2283,0.9985984563827515,0.22916666666666666
2284,0.9870858192443848,0.1875
2285,0.9986985921859741,0.1875
2286,0.9961957931518555,0.16666666666666666
2287,0.9962959289550781,0.2604166666666667
2288,0.9968965649604797,0.23958333333333334
2289,0.998798668384552,0.1875
2290,0.9961957931518555,0.1875
2291,1.0,0.13541666666666666
2292,0.9939934015274048,0.20833333333333334
2293,0.997597336769104,0.23958333333333334
2294,0.9977975487709045,0.1875
2295,0.9956952929496765,0.17708333333333334
2296,0.9985984563827515,0.2
2297,0.9985984563827515,0.2
2298,0.9977975487709045,0.2
2299,0.9985984563827515,0.22105263157894736
2300,0.9963960647583008,0.22105263157894736
2301,0.9984983205795288,0.2736842105263158
2302,1.0,0.22105263157894736
2303,0.9977975487709045,0.1368421052631579
2304,1.0,0.2
2305,0.9983982443809509,0.2
2306,1.0,0.17894736842105263
2307,0.9971969127655029,0.2631578947368421
2308,1.0,0.18947368421052632
2309,1.0,0.23157894736842105
2310,1.0,0.16842105263157894
2311,0.9985984563827515,0.2631578947368421
2312,1.0,0.15789473684210525
2313,0.9970967769622803,0.22105263157894736
2314,0.9956952929496765,0.18947368421052632
2315,0.9966963529586792,0.2631578947368421
2316,0.9977975487709045,0.17894736842105263
2317,0.9956952929496765,0.26595744680851063
2318,0.9963960647583008,0.22340425531914893
2319,0.9976974725723267,0.18085106382978725
2320,0.997597336769104,0.2553191489361702
2321,0.9976974725723267,0.1702127659574468
2322,1.0,0.2127659574468085
2323,0.9928922057151794,0.19148936170212766
2324,0.9964961409568787,0.22340425531914893
2325,0.9977975487709045,0.23404255319148937
2326,1.0,0.20212765957446807
2327,0.9891881346702576,0.23404255319148937
2328,0.9955951571464539,0.2553191489361702
2329,0.9985984563827515,0.24468085106382978
2330,0.9956952929496765,0.19148936170212766
2331,1.0,0.1702127659574468
2332,0.9977975487709045,0.19148936170212766
2333,0.9977975487709045,0.24468085106382978
2334,0.9947942495346069,0.2127659574468085
2335,0.9977975487709045,0.2127659574468085
2336,0.9985984563827515,0.23404255319148937
2337,0.9998998641967773,0.19148936170212766
2338,0.9938932657241821,0.26595744680851063
2339,0.9956952929496765,0.23404255319148937
2340,0.9977975487709045,0.1595744680851064
2341,0.9985984563827515,0.23404255319148937
2342,0.9977975487709045,0.23404255319148937
2343,0.9966963529586792,0.24468085106382978
2344,1.0,0.23404255319148937
2345,0.9998998641967773,0.22340425531914893
2346,0.9985984563827515,0.2978723404255319
2347,0.9938932657241821,0.24468085106382978
2348,0.9948943853378296,0.23404255319148937
2349,0.9862849116325378,0.26595744680851063
2350,0.9985984563827515,0.23404255319148937
2351,0.9936930537223816,0.2553191489361702
2352,0.9967964887619019,0.2765957446808511
2353,0.9977975487709045,0.2127659574468085
2354,0.9944939613342285,0.2765957446808511
2355,0.9924917221069336,0.2553191489361702
2356,0.9977975487709045,0.2765957446808511
2357,0.9965962767601013,0.3010752688172043
2358,0.9938932657241821,0.24731182795698925
2359,0.9985984563827515,0.26881720430107525
2360,0.9956952929496765,0.22580645161290322
2361,0.9948943853378296,0.27956989247311825
2362,0.9927920699119568,0.21505376344086022
2363,0.987786591053009,0.26881720430107525
2364,0.9984983205795288,0.21505376344086022
2365,0.9951947331428528,0.27956989247311825
2366,0.997597336769104,0.23655913978494625
2367,0.9881870150566101,0.3010752688172043
2368,0.9980978965759277,0.25806451612903225
2369,1.0,0.24731182795698925
2370,0.9963960647583008,0.27956989247311825
2371,0.9928922057151794,0.29347826086956524
2372,0.9944939613342285,0.2608695652173913
2373,0.9977975487709045,0.2608695652173913
2374,0.9917909502983093,0.2717391304347826
2375,0.9781759977340698,0.32608695652173914
2376,0.9985984563827515,0.2608695652173913
2377,0.9854840040206909,0.2717391304347826
2378,0.9893883466720581,0.25
2379,0.9948943853378296,0.2967032967032967
2380,0.9908899664878845,0.21978021978021978
2381,0.9900891184806824,0.2857142857142857
2382,0.9967919588088989,0.23333333333333334
2383,0.9906767010688782,0.17777777777777778
2384,0.979849636554718,0.26666666666666666
2385,0.9907769560813904,0.2777777777777778
2386,0.9843608736991882,0.28888888888888886
2387,0.9920802116394043,0.25555555555555554
2388,0.9850626587867737,0.2777777777777778
2389,0.9906767010688782,0.26666666666666666
2390,0.9893734455108643,0.28888888888888886
2391,0.9936842322349548,0.18888888888888888
2392,0.9980952143669128,0.26666666666666666
2393,0.9987969994544983,0.28888888888888886
2394,0.9998997449874878,0.25555555555555554
2395,0.9844611287117004,0.28888888888888886
2396,0.9814536571502686,0.2777777777777778
2397,0.9876691699028015,0.26666666666666666
2398,0.9941854476928711,0.25555555555555554
2399,0.9906767010688782,0.2777777777777778
2400,0.9968922138214111,0.3
2401,0.9888721704483032,0.26666666666666666
2402,0.9856641888618469,0.2777777777777778
2403,0.9948872327804565,0.24444444444444444
2404,1.0,0.26666666666666666
2405,0.9811528921127319,0.3111111111111111
2406,0.989273190498352,0.2777777777777778
2407,0.9915789365768433,0.24444444444444444
2408,0.9946867227554321,0.3111111111111111
2409,0.9960902333259583,0.28888888888888886
2410,0.9958897233009338,0.2808988764044944
2411,0.997794508934021,0.2696629213483146
2412,0.9882706999778748,0.23595505617977527
2413,0.9846616387367249,0.3258426966292135
2414,0.9829574227333069,0.34831460674157305
2415,0.9815539121627808,0.3146067415730337
2416,0.9908772110939026,0.29545454545454547
2417,0.9919799566268921,0.26136363636363635
2418,0.997794508934021,0.26136363636363635
2419,0.9878696799278259,0.3181818181818182
2420,0.9782456159591675,0.28735632183908044
2421,0.9844611287117004,0.32558139534883723
2422,0.9861654043197632,0.27906976744186046
2423,0.9805513620376587,0.29411764705882354
2424,0.9768421053886414,0.29411764705882354
2425,0.9907769560813904,0.3058823529411765
2426,0.9907922744750977,0.30952380952380953
2427,0.9896792769432068,0.32142857142857145
2428,0.9887685775756836,0.2619047619047619
2429,0.9896792769432068,0.32142857142857145
2430,0.9903875589370728,0.3333333333333333
2431,0.9927147626876831,0.2976190476190476
2432,0.9915005564689636,0.30120481927710846
2433,0.9874532222747803,0.3132530120481928
2434,0.9959526658058167,0.30120481927710846
2435,0.9927147626876831,0.27710843373493976
2436,0.99726802110672,0.3373493975903614
2437,0.9902863502502441,0.3614457831325301
2438,0.9922088384628296,0.3132530120481928
2439,0.9916017651557922,0.30120481927710846
2440,0.9885662198066711,0.3253012048192771
2441,0.9942325353622437,0.30120481927710846
2442,0.9921076893806458,0.30120481927710846
2443,0.9855307340621948,0.26506024096385544
2444,0.9869472980499268,0.34146341463414637
2445,0.9874532222747803,0.3048780487804878
2446,0.9900839924812317,0.3048780487804878
2447,0.9957503080368042,0.34146341463414637
2448,0.9893757104873657,0.32926829268292684
2449,0.9928159713745117,0.2682926829268293
2450,0.9846200346946716,0.32926829268292684
2451,0.9926135540008545,0.30864197530864196
2452,0.9826975464820862,0.32098765432098764
2453,0.9800667762756348,0.3
2454,0.9928159713745117,0.3125
2455,0.9735910296440125,0.3125
2456,0.9883638620376587,0.4125
2457,0.9822928309440613,0.28205128205128205
2458,0.9794597029685974,0.3116883116883117
2459,0.9970656633377075,0.2857142857142857
2460,0.9858342409133911,0.33766233766233766
2461,0.9797782897949219,0.32894736842105265
2462,0.9822418689727783,0.32894736842105265
2463,0.9855265617370605,0.27631578947368424
2464,0.9841921329498291,0.24
2465,0.9870663285255432,0.3333333333333333
2466,0.9750564694404602,0.32
2467,0.9902192950248718,0.3108108108108108
2468,0.9839390516281128,0.2972972972972973
2469,0.987748384475708,0.3108108108108108
2470,0.9826006293296814,0.33783783783783783
2471,0.9811592698097229,0.28378378378378377
2472,0.9872670769691467,0.3561643835616438
2473,0.965158998966217,0.3472222222222222
2474,0.9779620170593262,0.2638888888888889
2475,0.9761804342269897,0.323943661971831
2476,0.9806070923805237,0.3
2477,0.9729131460189819,0.35714285714285715
2478,0.9782883524894714,0.34285714285714286
2479,0.9890387654304504,0.2714285714285714
2480,0.9753372669219971,0.30434782608695654
2481,0.9789207577705383,0.34782608695652173
2482,0.9760750532150269,0.2898550724637681
2483,0.9977843165397644,0.23529411764705882
2484,0.9825912714004517,0.29411764705882354
2485,0.9807976484298706,0.2647058823529412
2486,0.9768938422203064,0.35294117647058826
2487,0.9878666400909424,0.3088235294117647
2488,0.985756516456604,0.27941176470588236
2489,0.9777379035949707,0.38235294117647056
2490,0.9871280789375305,0.2647058823529412
2491,0.9751002192497253,0.3235294117647059
2492,0.9794260263442993,0.3235294117647059
2493,0.9820670485496521,0.34328358208955223
2494,0.985144317150116,0.30303030303030304
2495,0.9866396188735962,0.27692307692307694
2496,0.9916630983352661,0.2923076923076923
2497,0.9879909157752991,0.25
2498,0.9833387136459351,0.3333333333333333
2499,0.9831223487854004,0.30158730158730157
2500,0.9772800803184509,0.30158730158730157
2501,0.9929676651954651,0.2698412698412698
2502,0.9782538414001465,0.31746031746031744
2503,0.9910202026367188,0.2857142857142857
2504,0.9804176092147827,0.31746031746031744
2505,0.9779292345046997,0.3492063492063492
2506,0.9933702945709229,0.29508196721311475
2507,0.9771763682365417,0.36065573770491804
2508,0.9883708357810974,0.3114754098360656
2509,0.9814150929450989,0.3050847457627119
2510,0.9858710765838623,0.3275862068965517
2511,0.9711925387382507,0.3333333333333333
2512,0.9883682727813721,0.2631578947368421
2513,0.9709751009941101,0.3333333333333333
2514,0.9880421757698059,0.2982456140350877
2515,0.9680399894714355,0.2807017543859649
2516,0.9743450284004211,0.3157894736842105
2517,0.9701427221298218,0.30357142857142855
2518,0.9770077466964722,0.30357142857142855
2519,0.9872507452964783,0.2857142857142857
2520,0.9688351154327393,0.32142857142857145
2521,0.977552592754364,0.30357142857142855
2522,0.9791870713233948,0.30357142857142855
2523,0.9831099510192871,0.26785714285714285
2524,0.9764629006385803,0.3392857142857143
2525,0.9752642512321472,0.3090909090909091
2526,0.961207389831543,0.32727272727272727
2527,0.965566098690033,0.32727272727272727
2528,0.9737358093261719,0.3333333333333333
2529,0.9736268520355225,0.3148148148148148
2530,0.9679598808288574,0.3148148148148148
2531,0.9625709056854248,0.33962264150943394
2532,0.9578142166137695,0.3269230769230769
2533,0.956721305847168,0.3269230769230769
2534,0.9536612033843994,0.36538461538461536
2535,0.9592486619949341,0.27450980392156865
2536,0.9653807878494263,0.28
2537,0.9643917083740234,0.32
2538,0.9563688039779663,0.34
2539,0.9563688039779663,0.34
2540,0.9549252390861511,0.3673469387755102
2541,0.9560246467590332,0.3469387755102041
2542,0.958443284034729,0.3125
2543,0.9689973592758179,0.3333333333333333
2544,0.9566842317581177,0.3125
2545,0.9633905291557312,0.3333333333333333
2546,0.9531662464141846,0.3541666666666667
2547,0.9626209139823914,0.3125
2548,0.9588830471038818,0.3333333333333333
2549,0.9479933977127075,0.3617021276595745
2550,0.9650357365608215,0.2978723404255319
2551,0.9551401734352112,0.3191489361702128
2552,0.9531475305557251,0.32608695652173914
2553,0.9606972336769104,0.34782608695652173
2554,0.9491450190544128,0.35555555555555557
2555,0.969575822353363,0.26666666666666666
2556,0.9565845131874084,0.35555555555555557
2557,0.9783442616462708,0.29545454545454547
2558,0.9711256623268127,0.29545454545454547
2559,0.9703361392021179,0.3409090909090909
2560,0.973607063293457,0.29545454545454547
2561,0.9733814597129822,0.3409090909090909
2562,0.9722535610198975,0.36363636363636365
2563,0.9593954682350159,0.38636363636363635
2564,0.96334308385849,0.3409090909090909
2565,0.9563500881195068,0.36363636363636365
2566,0.9692082405090332,0.3488372093023256
2567,0.9703361392021179,0.32558139534883723
2568,0.9685314893722534,0.3488372093023256
2569,0.9531919956207275,0.37209302325581395
2570,0.9485675692558289,0.3488372093023256
2571,0.9536431431770325,0.37209302325581395
2572,0.9614256620407104,0.37209302325581395
2573,0.9628856182098389,0.3333333333333333
2574,0.9628856182098389,0.35714285714285715
2575,0.9533751010894775,0.35714285714285715
2576,0.956506609916687,0.40476190476190477
2577,0.9597541093826294,0.35714285714285715
2578,0.9665246605873108,0.375
2579,0.9510651230812073,0.35
2580,0.959829568862915,0.375
2581,0.959829568862915,0.358974358974359
2582,0.959829568862915,0.358974358974359
2583,0.9430356621742249,0.35135135135135137
2584,0.9058445692062378,0.3888888888888889
2585,0.8905786275863647,0.37142857142857144
2586,0.9152477979660034,0.35294117647058826
2587,0.9152477979660034,0.35294117647058826
2588,0.9152477979660034,0.35294117647058826
2589,0.8909783959388733,0.38235294117647056
2590,0.932427167892456,0.3333333333333333
2591,0.932427167892456,0.3333333333333333
2592,0.9035182595252991,0.375
2593,0.8823289275169373,0.3870967741935484
2594,0.8823289275169373,0.3870967741935484
2595,0.8823289275169373,0.3870967741935484
2596,0.8823289275169373,0.3870967741935484
2597,0.9083117842674255,0.3548387096774194
2598,0.9058659076690674,0.3448275862068966
2599,0.9071328639984131,0.32142857142857145
2600,0.9071328639984131,0.2857142857142857
2601,0.9071328639984131,0.32142857142857145
2602,0.9071328639984131,0.32142857142857145
2603,0.932030439376831,0.2962962962962963
2604,0.932030439376831,0.2962962962962963
2605,0.932030439376831,0.2962962962962963
2606,0.932030439376831,0.2962962962962963
2607,0.9504689574241638,0.2692307692307692
2608,0.9504689574241638,0.2692307692307692
2609,0.9504689574241638,0.2692307692307692
2610,0.9608888626098633,0.24
2611,0.9703770279884338,0.20833333333333334
2612,0.9703770279884338,0.20833333333333334
2613,0.9703770279884338,0.20833333333333334
2614,0.9703770279884338,0.20833333333333334
2615,0.9703770279884338,0.20833333333333334
2616,0.9703770279884338,0.20833333333333334
2617,0.9703770279884338,0.20833333333333334
2618,0.9703770279884338,0.20833333333333334
2619,0.9703770279884338,0.20833333333333334
2620,0.9703770279884338,0.20833333333333334
2621,0.994175374507904,0.18181818181818182
2622,0.9612200856208801,0.19047619047619047
2623,0.9612200856208801,0.19047619047619047
2624,0.9668516516685486,0.15
2625,0.9668516516685486,0.15
2626,0.9668516516685486,0.15
2627,0.9417206048965454,0.2
2628,0.9417206048965454,0.2
2629,0.9417206048965454,0.2
2630,0.9417206048965454,0.2
2631,0.9740073084831238,0.15789473684210525
2632,0.9740073084831238,0.15789473684210525
2633,0.9740073084831238,0.15789473684210525
2634,0.9740073084831238,0.15789473684210525
2635,0.9740073084831238,0.15789473684210525
2636,0.9740073084831238,0.15789473684210525
2637,0.9740073084831238,0.15789473684210525
2638,0.9740073084831238,0.1111111111111111
2639,0.9740073084831238,0.1111111111111111
2640,0.9740073084831238,0.1111111111111111
2641,0.9740073084831238,0.16666666666666666
2642,0.9740073084831238,0.16666666666666666
2643,0.9740073084831238,0.16666666666666666
2644,0.9740073084831238,0.16666666666666666
2645,1.0,0.11764705882352941
2646,1.0,0.11764705882352941
2647,0.9987542033195496,0.125
2648,0.9987542033195496,0.125
2649,0.9987542033195496,0.125
2650,0.957109808921814,0.1875
2651,0.9361096024513245,0.25
2652,0.9777540564537048,0.1875
2653,0.9361096024513245,0.25
2654,0.9361096024513245,0.2
2655,0.876846432685852,0.26666666666666666
2656,0.876846432685852,0.26666666666666666
2657,0.876846432685852,0.26666666666666666
2658,0.876846432685852,0.26666666666666666
2659,0.876846432685852,0.26666666666666666
2660,0.876846432685852,0.26666666666666666
2661,0.9533668756484985,0.15384615384615385
2662,0.9533668756484985,0.15384615384615385
2663,0.9533668756484985,0.15384615384615385
2664,0.9239550828933716,0.23076923076923078
2665,0.9239550828933716,0.23076923076923078
2666,0.9239550828933716,0.23076923076923078
2667,0.9239550828933716,0.23076923076923078
2668,0.9239550828933716,0.23076923076923078
2669,0.9239550828933716,0.23076923076923078
2670,0.9239550828933716,0.23076923076923078
2671,0.9151371121406555,0.25
2672,0.9165225028991699,0.18181818181818182
2673,0.8824601173400879,0.2
2674,0.8824601173400879,0.2
2675,0.8824601173400879,0.2
2676,0.8824601173400879,0.2
2677,0.8824601173400879,0.2
2678,0.9622454047203064,0.1111111111111111
2679,1.0,0.0
2680,1.0,0.0
2681,1.0,0.0
2682,1.0,0.0
2683,1.0,0.0
2684,1.0,0.0
2685,1.0,0.0
2686,1.0,0.0
2687,1.0,0.0
2688,1.0,0.0
2689,1.0,0.0
2690,1.0,0.0
2691,1.0,0.0
2692,1.0,0.0
2693,1.0,0.0
2694,1.0,0.0
2695,1.0,0.0
2696,1.0,0.0
2697,1.0,0.0
2698,1.0,0.0
2699,1.0,0.0
2700,1.0,0.0
2701,1.0,0.0
2702,0.8099750876426697,0.2
2703,1.0,0.0
2704,0.9513546824455261,0.25
2705,0.9513546824455261,0.25
2706,0.9513546824455261,0.25
2707,1.0,0.0
2708,1.0,0.0
2709,1.0,0.0
2710,1.0,0.0
2711,1.0,0.0
2712,1.0,0.0
2713,0.813592255115509,0.3333333333333333
